,root_id,upstream_bitter_2Ns,bitter_syn_count,const,nt_type,side,input_synapses,output_synapses,excitatory_number_upstream_neurons,inhibitory_number_upstream_neurons,excitatory_number_input_synapse,inhibitory_number_input_synapse,excitatory - inhibitory_number_input_synapse,activation_25Hz,label,activation_50Hz,activation_75Hz,activation_100Hz,activation_125Hz,activation_150Hz,activation_175Hz,activation_200Hz,%_bitter_input,avg_upstream_synapses,neuron_type,#_projection_synapses
0,720575940603266592,2,41,1,SER,right,82.0,238.0,0,2,0,41,-41,non activated,bitter,non activated,non activated,non activated,non activated,non activated,non activated,non activated,50.0,20.5,local,0
1,720575940604459697,1,13,1,GABA,left,250.0,468.0,1,0,13,0,13,non activated,bitter,non activated,non activated,non activated,non activated,non activated,non activated,non activated,5.2,13.0,local,0
2,720575940604852146,1,13,1,ACH,left,44.0,61.0,0,1,0,13,-13,non activated,bitter,non activated,non activated,non activated,non activated,non activated,non activated,non activated,29.545454545454547,13.0,local,0
3,720575940604891360,1,25,1,,left,964.0,676.0,0,1,0,25,-25,non activated,bitter,non activated,non activated,non activated,non activated,non activated,non activated,non activated,2.5933609958506225,25.0,local,0
4,720575940606343945,1,17,1,ACH,right,33.0,541.0,0,1,0,17,-17,non activated,bitter,non activated,non activated,non activated,non activated,non activated,non activated,non activated,51.515151515151516,17.0,local,0
5,720575940606388146,1,16,1,GLUT,left,1331.0,3330.0,0,1,0,16,-16,non activated,bitter,non activated,non activated,non activated,non activated,non activated,non activated,non activated,1.2021036814425246,16.0,local,0
6,720575940607162754,1,50,1,GABA,right,3356.0,3016.0,0,1,0,50,-50,non activated,bitter,non activated,non activated,non activated,non activated,non activated,non activated,non activated,1.4898688915375446,50.0,local,0
7,720575940607170178,1,58,1,,right,941.0,1193.0,0,1,0,58,-58,non activated,bitter,non activated,non activated,non activated,non activated,non activated,non activated,non activated,6.163655685441021,58.0,local,0
8,720575940607272649,1,36,1,ACH,right,3643.0,3699.0,0,1,0,36,-36,non activated,bitter,non activated,non activated,non activated,non activated,non activated,non activated,non activated,0.9881965413121054,36.0,local,0
9,720575940607362482,1,11,1,ACH,right,1072.0,922.0,0,1,0,11,-11,non activated,bitter,non activated,non activated,non activated,non activated,non activated,non activated,non activated,1.0261194029850746,11.0,local,0
10,720575940607377586,2,136,1,ACH,right,3173.0,1746.0,0,2,0,136,-136,non activated,bitter,non activated,non activated,non activated,non activated,non activated,non activated,non activated,4.286164513079105,68.0,local,0
11,720575940607386290,1,14,1,ACH,left,917.0,849.0,0,1,0,14,-14,non activated,bitter,non activated,non activated,non activated,non activated,non activated,non activated,non activated,1.5267175572519083,14.0,local,0
12,720575940607451081,1,39,1,GABA,left,1849.0,474.0,0,1,0,39,-39,non activated,bitter,non activated,non activated,non activated,non activated,non activated,non activated,non activated,2.1092482422931313,39.0,local,0
13,720575940608296917,1,14,1,ACH,left,47.0,81.0,0,1,0,14,-14,non activated,bitter,non activated,non activated,non activated,non activated,non activated,non activated,non activated,29.78723404255319,14.0,local,0
14,720575940608471900,2,80,1,,right,340.0,594.0,2,0,80,0,80,non activated,bitter,non activated,non activated,non activated,non activated,non activated,non activated,non activated,23.52941176470588,40.0,projection,78
15,720575940608664184,1,10,1,ACH,left,32.0,118.0,0,1,0,10,-10,non activated,bitter,non activated,non activated,non activated,non activated,non activated,non activated,non activated,31.25,10.0,local,0
16,720575940608707192,1,27,1,ACH,left,294.0,335.0,0,1,0,27,-27,non activated,bitter,non activated,non activated,non activated,non activated,non activated,non activated,non activated,9.183673469387756,27.0,local,0
17,720575940608713993,1,13,1,ACH,left,541.0,319.0,0,1,0,13,-13,non activated,bitter,non activated,non activated,non activated,non activated,non activated,non activated,non activated,2.4029574861367835,13.0,local,0
18,720575940608735241,1,21,1,,right,1629.0,308.0,0,1,0,21,-21,non activated,bitter,non activated,non activated,non activated,non activated,non activated,non activated,non activated,1.289134438305709,21.0,local,0
19,720575940608787413,2,35,1,ACH,left,58.0,645.0,0,2,0,35,-35,non activated,bitter,non activated,non activated,non activated,non activated,non activated,non activated,non activated,60.3448275862069,17.5,projection,12
20,720575940608976085,1,43,1,GLUT,left,1136.0,284.0,1,0,43,0,43,non activated,bitter,non activated,non activated,non activated,non activated,non activated,non activated,non activated,3.7852112676056335,43.0,projection,252
21,720575940609407939,1,105,1,ACH,right,2769.0,2097.0,0,1,0,105,-105,non activated,bitter,non activated,non activated,non activated,non activated,non activated,non activated,non activated,3.791982665222102,105.0,local,0
22,720575940609533230,1,11,1,ACH,left,67.0,64.0,0,1,0,11,-11,non activated,bitter,non activated,non activated,non activated,non activated,non activated,non activated,non activated,16.417910447761194,11.0,local,0
23,720575940609894212,1,12,1,GLUT,right,726.0,377.0,1,0,12,0,12,non activated,bitter,non activated,non activated,non activated,non activated,non activated,non activated,non activated,1.6528925619834711,12.0,projection,366
24,720575940609906244,1,28,1,ACH,left,504.0,611.0,1,0,28,0,28,non activated,bitter,non activated,non activated,non activated,non activated,non activated,non activated,non activated,5.555555555555555,28.0,projection,486
25,720575940609913042,1,45,1,ACH,left,619.0,2030.0,0,1,0,45,-45,non activated,bitter,non activated,non activated,non activated,non activated,non activated,non activated,non activated,7.269789983844912,45.0,local,0
26,720575940609922372,2,44,1,ACH,right,1405.0,1518.0,2,0,44,0,44,non activated,bitter,non activated,non activated,non activated,non activated,non activated,non activated,non activated,3.131672597864769,22.0,local,0
27,720575940609993284,2,45,1,ACH,left,1547.0,634.0,0,2,0,45,-45,non activated,bitter,non activated,non activated,non activated,non activated,non activated,non activated,non activated,2.9088558500323205,22.5,local,0
28,720575940610259406,1,20,1,ACH,right,114.0,761.0,0,1,0,20,-20,non activated,bitter,non activated,non activated,non activated,non activated,non activated,non activated,non activated,17.543859649122805,20.0,local,0
29,720575940610381778,1,17,1,GLUT,right,192.0,67.0,1,0,17,0,17,non activated,bitter,non activated,non activated,non activated,non activated,non activated,non activated,non activated,8.854166666666668,17.0,projection,61
30,720575940610485294,1,23,1,GABA,left,5731.0,3562.0,1,0,23,0,23,non activated,bitter,non activated,non activated,non activated,non activated,non activated,non activated,non activated,0.4013261210957948,23.0,projection,3112
31,720575940610491694,1,131,1,ACH,left,880.0,690.0,1,0,131,0,131,non activated,bitter,non activated,non activated,activated,activated,activated,activated,activated,14.886363636363637,131.0,projection,602
32,720575940610524339,1,10,1,GABA,left,275.0,720.0,1,0,10,0,10,non activated,bitter,non activated,non activated,non activated,non activated,non activated,non activated,non activated,3.6363636363636362,10.0,local,0
33,720575940610763874,2,70,1,GABA,left,450.0,319.0,2,0,70,0,70,non activated,bitter,non activated,non activated,non activated,non activated,non activated,non activated,non activated,15.555555555555555,35.0,projection,267
34,720575940610773090,2,36,1,SER,right,77.0,83.0,0,2,0,36,-36,non activated,bitter,non activated,non activated,non activated,non activated,non activated,non activated,non activated,46.75324675324675,18.0,local,0
35,720575940610981362,1,137,1,ACH,left,535.0,1875.0,0,1,0,137,-137,non activated,bitter,non activated,non activated,non activated,non activated,non activated,non activated,non activated,25.607476635514022,137.0,local,0
36,720575940611167842,1,92,1,GABA,left,4386.0,2137.0,0,1,0,92,-92,non activated,bitter,non activated,non activated,non activated,non activated,non activated,non activated,non activated,2.097583219334245,92.0,local,0
37,720575940611168921,1,11,1,ACH,left,35.0,90.0,0,1,0,11,-11,non activated,bitter,non activated,non activated,non activated,non activated,non activated,non activated,non activated,31.428571428571427,11.0,local,0
38,720575940611184819,1,11,1,ACH,left,81.0,61.0,0,1,0,11,-11,non activated,bitter,non activated,non activated,non activated,non activated,non activated,non activated,non activated,13.580246913580247,11.0,local,0
39,720575940611211417,1,15,1,ACH,right,577.0,1668.0,0,1,0,15,-15,non activated,bitter,non activated,non activated,non activated,non activated,non activated,non activated,non activated,2.5996533795493932,15.0,local,0
40,720575940611366058,2,74,1,ACH,left,647.0,1321.0,0,2,0,74,-74,non activated,bitter,non activated,non activated,non activated,non activated,non activated,non activated,non activated,11.437403400309119,37.0,local,0
41,720575940611432305,1,14,1,GLUT,left,736.0,269.0,0,1,0,14,-14,non activated,bitter,non activated,non activated,non activated,non activated,non activated,non activated,non activated,1.9021739130434785,14.0,local,0
42,720575940611659378,1,11,1,ACH,left,515.0,232.0,0,1,0,11,-11,non activated,bitter,non activated,non activated,non activated,non activated,non activated,non activated,non activated,2.1359223300970873,11.0,local,0
43,720575940611799445,1,15,1,ACH,left,655.0,581.0,1,0,15,0,15,non activated,bitter,non activated,non activated,non activated,non activated,non activated,non activated,non activated,2.2900763358778624,15.0,projection,329
44,720575940611849178,2,87,1,ACH,right,112.0,333.0,0,2,0,87,-87,non activated,bitter,non activated,non activated,non activated,non activated,non activated,non activated,non activated,77.67857142857143,43.5,local,0
45,720575940611988197,1,15,1,ACH,left,804.0,1185.0,0,1,0,15,-15,non activated,bitter,non activated,non activated,non activated,non activated,non activated,non activated,non activated,1.8656716417910446,15.0,local,0
46,720575940612208858,1,12,1,GABA,right,3368.0,2893.0,0,1,0,12,-12,non activated,bitter,non activated,non activated,non activated,non activated,non activated,non activated,non activated,0.35629453681710216,12.0,local,0
47,720575940612336819,2,164,1,ACH,left,3511.0,3379.0,0,2,0,164,-164,non activated,bitter,non activated,non activated,non activated,non activated,non activated,non activated,non activated,4.671033893477642,82.0,local,0
48,720575940612357618,1,117,1,ACH,right,2274.0,728.0,0,1,0,117,-117,non activated,bitter,non activated,non activated,non activated,non activated,non activated,non activated,non activated,5.145118733509235,117.0,local,0
49,720575940612479205,1,13,1,GABA,left,842.0,1103.0,0,1,0,13,-13,non activated,bitter,non activated,non activated,non activated,non activated,non activated,non activated,non activated,1.5439429928741093,13.0,projection,5
50,720575940612692633,1,10,1,ACH,left,2734.0,1342.0,0,1,0,10,-10,non activated,bitter,non activated,non activated,non activated,non activated,non activated,non activated,non activated,0.36576444769568395,10.0,local,0
51,720575940612840982,1,69,1,GABA,left,5231.0,3432.0,0,1,0,69,-69,non activated,bitter,non activated,non activated,non activated,non activated,non activated,non activated,non activated,1.319059453259415,69.0,projection,2618
52,720575940613087914,1,11,1,ACH,left,659.0,481.0,1,0,11,0,11,non activated,bitter,non activated,non activated,non activated,non activated,non activated,non activated,non activated,1.669195751138088,11.0,projection,270
53,720575940613222195,1,10,1,GABA,left,259.0,633.0,1,0,10,0,10,non activated,bitter,non activated,non activated,non activated,non activated,non activated,non activated,non activated,3.861003861003861,10.0,local,0
54,720575940613347299,1,12,1,ACH,right,3833.0,1919.0,0,1,0,12,-12,non activated,bitter,non activated,non activated,non activated,non activated,non activated,non activated,non activated,0.31307070180015656,12.0,projection,12
55,720575940613426343,1,14,1,ACH,left,383.0,217.0,0,1,0,14,-14,non activated,bitter,non activated,non activated,non activated,non activated,non activated,non activated,non activated,3.6553524804177546,14.0,local,0
56,720575940613527789,2,24,1,ACH,right,171.0,108.0,0,2,0,24,-24,non activated,bitter,non activated,non activated,non activated,non activated,non activated,non activated,non activated,14.035087719298245,12.0,local,0
57,720575940613776424,1,15,1,GLUT,left,239.0,29.0,1,0,15,0,15,non activated,bitter,non activated,non activated,non activated,non activated,non activated,non activated,non activated,6.2761506276150625,15.0,projection,11
58,720575940614128691,2,69,1,ACH,left,1168.0,556.0,1,1,11,58,-47,non activated,bitter,non activated,non activated,non activated,non activated,non activated,non activated,non activated,5.907534246575342,34.5,projection,10
59,720575940614137651,3,133,1,GABA,left,607.0,1533.0,2,1,118,15,103,non activated,bitter,non activated,non activated,non activated,non activated,non activated,non activated,non activated,21.911037891268535,44.333333333333336,projection,674
60,720575940614660519,1,18,1,DA,right,1625.0,578.0,0,1,0,18,-18,non activated,bitter,non activated,non activated,non activated,non activated,non activated,non activated,non activated,1.1076923076923075,18.0,local,0
61,720575940614702239,1,10,1,GLUT,right,189.0,60.0,1,0,10,0,10,non activated,bitter,non activated,non activated,non activated,non activated,non activated,non activated,non activated,5.291005291005291,10.0,projection,43
62,720575940614736290,1,73,1,GLUT,left,1959.0,1719.0,1,0,73,0,73,non activated,bitter,non activated,activated,activated,activated,activated,activated,activated,3.7263910158244005,73.0,local,0
63,720575940614965691,1,61,1,,left,589.0,501.0,1,0,61,0,61,non activated,bitter,non activated,non activated,activated,activated,activated,activated,activated,10.35653650254669,61.0,local,0
64,720575940615050346,2,21,1,ACH,right,448.0,838.0,2,0,21,0,21,non activated,bitter,non activated,non activated,non activated,non activated,non activated,non activated,non activated,4.6875,10.5,local,0
65,720575940615153494,1,16,1,ACH,right,686.0,1059.0,0,1,0,16,-16,non activated,bitter,non activated,non activated,non activated,non activated,non activated,non activated,non activated,2.3323615160349855,16.0,local,0
66,720575940615641798,2,31,1,SER,right,37.0,38.0,0,2,0,31,-31,non activated,bitter,non activated,non activated,non activated,non activated,non activated,non activated,non activated,83.78378378378379,15.5,local,0
67,720575940615671106,2,53,1,ACH,left,5536.0,1260.0,0,2,0,53,-53,non activated,bitter,non activated,non activated,non activated,non activated,non activated,non activated,non activated,0.9573699421965318,26.5,local,0
68,720575940615672130,1,11,1,ACH,right,3116.0,1486.0,0,1,0,11,-11,non activated,bitter,non activated,non activated,non activated,non activated,non activated,non activated,non activated,0.35301668806161746,11.0,local,0
69,720575940615811670,1,29,1,ACH,right,1542.0,2527.0,0,1,0,29,-29,non activated,bitter,non activated,non activated,non activated,non activated,non activated,non activated,non activated,1.880674448767834,29.0,local,0
70,720575940616014092,3,131,1,ACH,left,3885.0,1970.0,0,3,0,131,-131,non activated,bitter,non activated,non activated,non activated,non activated,non activated,non activated,non activated,3.371943371943372,43.666666666666664,local,0
71,720575940616194610,1,17,1,GLUT,right,1657.0,2421.0,0,1,0,17,-17,non activated,bitter,non activated,non activated,non activated,non activated,non activated,non activated,non activated,1.0259505129752564,17.0,local,0
72,720575940616217403,1,19,1,GLUT,right,1616.0,886.0,1,0,19,0,19,non activated,bitter,non activated,non activated,non activated,non activated,non activated,activated,activated,1.1757425742574257,19.0,local,0
73,720575940616298171,2,32,1,GLUT,right,809.0,1073.0,2,0,32,0,32,non activated,bitter,non activated,non activated,non activated,non activated,non activated,non activated,non activated,3.955500618046971,16.0,local,0
74,720575940616308921,1,13,1,ACH,left,47.0,138.0,0,1,0,13,-13,non activated,bitter,non activated,non activated,non activated,non activated,non activated,non activated,non activated,27.659574468085108,13.0,local,0
75,720575940616497477,1,13,1,ACH,right,407.0,213.0,0,1,0,13,-13,non activated,bitter,non activated,non activated,non activated,non activated,non activated,non activated,non activated,3.194103194103194,13.0,local,0
76,720575940616597334,1,15,1,GABA,left,793.0,149.0,1,0,15,0,15,non activated,bitter,non activated,non activated,non activated,non activated,non activated,non activated,non activated,1.8915510718789406,15.0,local,0
77,720575940616644411,1,18,1,GABA,right,3807.0,3101.0,1,0,18,0,18,non activated,bitter,non activated,non activated,non activated,non activated,non activated,non activated,non activated,0.4728132387706856,18.0,projection,2507
78,720575940616769497,1,10,1,ACH,right,280.0,65.0,1,0,10,0,10,non activated,bitter,non activated,non activated,non activated,non activated,non activated,non activated,non activated,3.571428571428571,10.0,projection,61
79,720575940616791709,1,10,1,ACH,right,2458.0,1523.0,1,0,10,0,10,non activated,bitter,non activated,non activated,non activated,non activated,non activated,non activated,non activated,0.40683482506102525,10.0,local,0
80,720575940616848214,1,43,1,ACH,left,2937.0,3726.0,0,1,0,43,-43,non activated,bitter,non activated,non activated,non activated,non activated,non activated,non activated,non activated,1.4640789921688797,43.0,local,0
81,720575940616921152,7,334,1,ACH,left,3431.0,1781.0,6,1,124,210,-86,non activated,bitter,activated,non activated,non activated,non activated,non activated,non activated,non activated,9.734771203730691,47.714285714285715,local,0
82,720575940616974941,2,35,1,GLUT,right,206.0,58.0,2,0,35,0,35,non activated,bitter,non activated,non activated,non activated,non activated,non activated,non activated,non activated,16.990291262135923,17.5,projection,37
83,720575940617239197,2,29,1,SER,right,43.0,26.0,0,2,0,29,-29,non activated,bitter,non activated,non activated,non activated,non activated,non activated,non activated,non activated,67.44186046511628,14.5,local,0
84,720575940617393625,1,32,1,ACH,left,1168.0,1086.0,0,1,0,32,-32,non activated,bitter,non activated,non activated,non activated,non activated,non activated,non activated,non activated,2.73972602739726,32.0,local,0
85,720575940617465137,1,22,1,GLUT,left,153.0,88.0,1,0,22,0,22,non activated,bitter,non activated,non activated,non activated,non activated,non activated,non activated,non activated,14.37908496732026,22.0,projection,49
86,720575940617488477,2,24,1,GLUT,right,1687.0,1120.0,0,2,0,24,-24,non activated,bitter,non activated,non activated,non activated,non activated,non activated,non activated,non activated,1.4226437462951986,12.0,local,0
87,720575940617494877,2,61,1,ACH,right,1561.0,1208.0,0,2,0,61,-61,non activated,bitter,non activated,non activated,non activated,non activated,non activated,non activated,non activated,3.9077514413837284,30.5,local,0
88,720575940617535552,1,23,1,ACH,left,66.0,40.0,0,1,0,23,-23,non activated,bitter,non activated,non activated,non activated,non activated,non activated,non activated,non activated,34.84848484848485,23.0,local,0
89,720575940617687067,1,34,1,GLUT,left,257.0,170.0,1,0,34,0,34,non activated,bitter,non activated,non activated,non activated,non activated,non activated,non activated,non activated,13.229571984435799,34.0,projection,129
90,720575940617828766,2,142,1,ACH,right,180.0,585.0,0,2,0,142,-142,non activated,bitter,non activated,non activated,non activated,non activated,non activated,non activated,non activated,78.88888888888889,71.0,local,0
91,720575940617854676,1,40,1,ACH,right,194.0,839.0,0,1,0,40,-40,non activated,bitter,non activated,non activated,non activated,non activated,non activated,non activated,non activated,20.618556701030926,40.0,projection,717
92,720575940618025199,2,69,1,SER,right,94.0,273.0,0,2,0,69,-69,non activated,bitter,non activated,non activated,non activated,non activated,non activated,non activated,non activated,73.40425531914893,34.5,local,0
93,720575940618029733,1,10,1,ACH,right,34.0,472.0,0,1,0,10,-10,non activated,bitter,non activated,non activated,non activated,non activated,non activated,non activated,non activated,29.411764705882355,10.0,local,0
94,720575940618285397,1,11,1,GABA,left,295.0,209.0,0,1,0,11,-11,non activated,bitter,non activated,non activated,non activated,non activated,non activated,non activated,non activated,3.728813559322034,11.0,local,0
95,720575940618388463,1,11,1,ACH,left,38.0,92.0,0,1,0,11,-11,non activated,bitter,non activated,non activated,non activated,non activated,non activated,non activated,non activated,28.947368421052634,11.0,local,0
96,720575940618514043,1,34,1,ACH,left,1653.0,620.0,0,1,0,34,-34,non activated,bitter,non activated,non activated,non activated,non activated,non activated,non activated,non activated,2.05686630369026,34.0,local,0
97,720575940618696989,1,11,1,GABA,left,238.0,648.0,0,1,0,11,-11,non activated,bitter,non activated,non activated,non activated,non activated,non activated,non activated,non activated,4.621848739495799,11.0,local,0
98,720575940618710720,1,13,1,GLUT,left,107.0,50.0,1,0,13,0,13,non activated,bitter,non activated,non activated,non activated,non activated,non activated,non activated,non activated,12.149532710280374,13.0,projection,36
99,720575940618759985,1,14,1,ACH,left,64.0,95.0,1,0,14,0,14,non activated,bitter,non activated,non activated,non activated,non activated,non activated,non activated,non activated,21.875,14.0,projection,84
100,720575940618788944,1,10,1,ACH,left,435.0,1098.0,0,1,0,10,-10,non activated,bitter,non activated,non activated,non activated,non activated,non activated,non activated,non activated,2.2988505747126435,10.0,local,0
101,720575940618859480,1,19,1,ACH,left,1211.0,934.0,0,1,0,19,-19,non activated,bitter,non activated,non activated,non activated,non activated,non activated,non activated,non activated,1.568951279933939,19.0,local,0
102,720575940618887217,2,28,1,SER,right,54.0,50.0,0,2,0,28,-28,non activated,bitter,non activated,non activated,non activated,non activated,non activated,non activated,non activated,51.85185185185185,14.0,local,0
103,720575940619096536,1,27,1,GABA,left,3370.0,2944.0,1,0,27,0,27,non activated,bitter,non activated,non activated,non activated,non activated,non activated,non activated,non activated,0.8011869436201781,27.0,projection,2421
104,720575940619176094,1,14,1,ACH,left,2194.0,2275.0,0,1,0,14,-14,non activated,bitter,non activated,non activated,non activated,non activated,non activated,non activated,non activated,0.6381039197812215,14.0,projection,37
105,720575940619185031,1,15,1,GABA,right,116.0,192.0,0,1,0,15,-15,non activated,bitter,non activated,non activated,non activated,non activated,non activated,non activated,non activated,12.931034482758621,15.0,projection,108
106,720575940619281031,1,14,1,ACH,right,571.0,73.0,1,0,14,0,14,non activated,bitter,non activated,non activated,non activated,non activated,non activated,non activated,non activated,2.4518388791593697,14.0,projection,63
107,720575940619367956,1,25,1,ACH,left,403.0,219.0,0,1,0,25,-25,non activated,bitter,non activated,non activated,non activated,non activated,non activated,non activated,non activated,6.20347394540943,25.0,local,0
108,720575940619421823,2,46,1,ACH,right,78.0,565.0,0,2,0,46,-46,non activated,bitter,non activated,non activated,non activated,non activated,non activated,non activated,non activated,58.97435897435898,23.0,projection,13
109,720575940619453831,1,54,1,,left,538.0,573.0,1,0,54,0,54,non activated,bitter,non activated,non activated,activated,activated,activated,activated,activated,10.037174721189592,54.0,local,0
110,720575940619473624,1,21,1,ACH,left,3204.0,1779.0,0,1,0,21,-21,non activated,bitter,non activated,non activated,non activated,non activated,non activated,non activated,non activated,0.6554307116104869,21.0,local,0
111,720575940619696133,1,15,1,ACH,left,28.0,121.0,0,1,0,15,-15,non activated,bitter,non activated,non activated,non activated,non activated,non activated,non activated,non activated,53.57142857142857,15.0,local,0
112,720575940619771375,1,52,1,ACH,right,1548.0,2846.0,0,1,0,52,-52,non activated,bitter,non activated,non activated,non activated,non activated,non activated,non activated,non activated,3.359173126614987,52.0,local,0
113,720575940619837473,1,13,1,ACH,right,472.0,448.0,0,1,0,13,-13,non activated,bitter,non activated,non activated,non activated,non activated,non activated,non activated,non activated,2.754237288135593,13.0,local,0
114,720575940619877396,2,60,1,ACH,right,5009.0,1090.0,0,2,0,60,-60,non activated,bitter,non activated,non activated,non activated,non activated,non activated,non activated,non activated,1.1978438810141745,30.0,local,0
115,720575940619928929,1,15,1,ACH,right,371.0,1321.0,0,1,0,15,-15,non activated,bitter,non activated,non activated,non activated,non activated,non activated,non activated,non activated,4.0431266846361185,15.0,local,0
116,720575940619945931,1,10,1,GLUT,right,283.0,245.0,0,1,0,10,-10,non activated,bitter,non activated,non activated,non activated,non activated,non activated,non activated,non activated,3.53356890459364,10.0,local,0
117,720575940619973712,2,70,1,GABA,left,1479.0,1699.0,0,2,0,70,-70,non activated,bitter,non activated,non activated,non activated,non activated,non activated,non activated,non activated,4.732927653820148,35.0,local,0
118,720575940620031366,3,110,1,GLUT,left,1766.0,1018.0,0,3,0,110,-110,non activated,bitter,non activated,non activated,non activated,non activated,non activated,non activated,non activated,6.2287655719139305,36.666666666666664,local,0
119,720575940620093019,1,21,1,ACH,right,921.0,979.0,0,1,0,21,-21,non activated,bitter,non activated,non activated,non activated,non activated,non activated,non activated,non activated,2.2801302931596092,21.0,projection,5
120,720575940620156209,1,75,1,GABA,right,4059.0,1610.0,0,1,0,75,-75,non activated,bitter,non activated,non activated,non activated,non activated,non activated,non activated,non activated,1.8477457501847747,75.0,local,0
121,720575940620254087,1,47,1,ACH,left,1840.0,3127.0,0,1,0,47,-47,non activated,bitter,non activated,non activated,non activated,non activated,non activated,non activated,non activated,2.5543478260869565,47.0,local,0
122,720575940620260773,1,63,1,GLUT,left,1432.0,567.0,1,0,63,0,63,non activated,bitter,non activated,non activated,non activated,non activated,non activated,non activated,non activated,4.399441340782123,63.0,projection,468
123,720575940620273505,1,14,1,ACH,right,781.0,1228.0,0,1,0,14,-14,non activated,bitter,non activated,non activated,non activated,non activated,non activated,non activated,non activated,1.792573623559539,14.0,local,0
124,720575940620274085,2,57,1,GABA,left,2835.0,1670.0,0,2,0,57,-57,non activated,bitter,non activated,non activated,non activated,non activated,non activated,non activated,non activated,2.0105820105820107,28.5,local,0
125,720575940620353300,3,103,1,GABA,left,4013.0,3928.0,2,1,76,27,49,non activated,bitter,activated,non activated,non activated,non activated,non activated,non activated,non activated,2.566658360328931,34.333333333333336,local,0
126,720575940620359956,2,61,1,GABA,left,2652.0,2198.0,0,2,0,61,-61,non activated,bitter,non activated,non activated,non activated,non activated,non activated,non activated,non activated,2.3001508295625945,30.5,local,0
127,720575940620374693,1,28,1,,left,1158.0,1266.0,0,1,0,28,-28,non activated,bitter,non activated,non activated,non activated,non activated,non activated,non activated,non activated,2.4179620034542317,28.0,local,0
128,720575940620627803,2,38,1,GABA,left,707.0,1261.0,2,0,38,0,38,non activated,bitter,non activated,non activated,non activated,non activated,non activated,non activated,non activated,5.374823196605375,19.0,local,0
129,720575940620668609,2,60,1,ACH,left,1340.0,348.0,2,0,60,0,60,non activated,bitter,non activated,non activated,non activated,non activated,non activated,non activated,non activated,4.477611940298507,30.0,local,0
130,720575940620692833,1,12,1,,right,40.0,30.0,0,1,0,12,-12,non activated,bitter,non activated,non activated,non activated,non activated,non activated,non activated,non activated,30.0,12.0,local,0
131,720575940620735258,2,24,1,ACH,left,646.0,316.0,0,2,0,24,-24,non activated,bitter,non activated,non activated,non activated,non activated,non activated,non activated,non activated,3.7151702786377707,12.0,local,0
132,720575940620780272,1,70,1,ACH,right,3419.0,1632.0,0,1,0,70,-70,non activated,bitter,non activated,non activated,non activated,non activated,non activated,non activated,non activated,2.0473822755191575,70.0,local,0
133,720575940620818029,1,23,1,GABA,left,102.0,137.0,0,1,0,23,-23,non activated,bitter,non activated,non activated,non activated,non activated,non activated,non activated,non activated,22.54901960784314,23.0,projection,83
134,720575940621014881,1,15,1,GLUT,left,396.0,579.0,1,0,15,0,15,non activated,bitter,non activated,non activated,non activated,non activated,non activated,non activated,non activated,3.787878787878788,15.0,projection,571
135,720575940621150191,1,24,1,ACH,right,2165.0,1655.0,0,1,0,24,-24,non activated,bitter,non activated,non activated,non activated,non activated,non activated,non activated,non activated,1.1085450346420322,24.0,local,0
136,720575940621167681,1,36,1,GLUT,left,4286.0,559.0,1,0,36,0,36,non activated,bitter,non activated,non activated,non activated,non activated,non activated,non activated,non activated,0.8399440037330844,36.0,projection,468
137,720575940621218694,1,10,1,GLUT,right,945.0,2108.0,1,0,10,0,10,non activated,bitter,non activated,non activated,non activated,non activated,non activated,non activated,non activated,1.0582010582010581,10.0,local,0
138,720575940621261296,1,141,1,ACH,right,3342.0,2453.0,0,1,0,141,-141,non activated,bitter,non activated,non activated,non activated,non activated,non activated,non activated,non activated,4.21903052064632,141.0,local,0
139,720575940621304790,1,19,1,ACH,right,496.0,199.0,0,1,0,19,-19,non activated,bitter,non activated,non activated,non activated,non activated,non activated,non activated,non activated,3.8306451612903225,19.0,local,0
140,720575940621329328,1,13,1,ACH,left,942.0,621.0,0,1,0,13,-13,non activated,bitter,non activated,non activated,non activated,non activated,non activated,non activated,non activated,1.3800424628450108,13.0,local,0
141,720575940621475404,1,12,1,ACH,left,39.0,138.0,1,0,12,0,12,non activated,bitter,non activated,non activated,non activated,non activated,non activated,non activated,non activated,30.76923076923077,12.0,projection,85
142,720575940621586854,1,113,1,ACH,left,5490.0,11.0,0,1,0,113,-113,non activated,bitter,non activated,non activated,non activated,non activated,non activated,non activated,non activated,2.058287795992714,113.0,local,0
143,720575940621736669,4,46,1,GLUT,right,2658.0,1204.0,4,0,46,0,46,non activated,bitter,non activated,non activated,activated,activated,activated,activated,activated,1.7306245297215952,11.5,local,0
144,720575940621743905,1,11,1,DA,right,415.0,67.0,1,0,11,0,11,non activated,bitter,non activated,non activated,non activated,non activated,non activated,non activated,non activated,2.6506024096385543,11.0,projection,54
145,720575940621771041,1,14,1,GABA,left,1331.0,2086.0,0,1,0,14,-14,non activated,bitter,non activated,non activated,non activated,non activated,non activated,non activated,non activated,1.051840721262209,14.0,local,0
146,720575940621833281,2,32,1,GABA,left,3681.0,2874.0,0,2,0,32,-32,non activated,bitter,non activated,non activated,non activated,non activated,non activated,non activated,non activated,0.8693289866883999,16.0,local,0
147,720575940621898665,2,49,1,,right,98.0,141.0,0,2,0,49,-49,non activated,bitter,non activated,non activated,non activated,non activated,non activated,non activated,non activated,50.0,24.5,local,0
148,720575940621916952,2,46,1,ACH,left,138.0,1252.0,0,2,0,46,-46,non activated,bitter,non activated,non activated,non activated,non activated,non activated,non activated,non activated,33.33333333333333,23.0,local,0
149,720575940621953285,1,11,1,GLUT,left,673.0,634.0,0,1,0,11,-11,non activated,bitter,non activated,non activated,non activated,non activated,non activated,non activated,non activated,1.634472511144131,11.0,projection,8
150,720575940622026245,1,155,1,ACH,right,2871.0,3496.0,0,1,0,155,-155,non activated,bitter,non activated,non activated,non activated,non activated,non activated,non activated,non activated,5.39881574364333,155.0,local,0
151,720575940622057315,1,10,1,GABA,right,405.0,112.0,1,0,10,0,10,non activated,bitter,non activated,non activated,non activated,non activated,non activated,non activated,non activated,2.4691358024691357,10.0,projection,81
152,720575940622313971,1,11,1,ACH,left,65.0,61.0,0,1,0,11,-11,non activated,bitter,non activated,non activated,non activated,non activated,non activated,non activated,non activated,16.923076923076923,11.0,local,0
153,720575940622335197,1,10,1,ACH,right,806.0,699.0,1,0,10,0,10,non activated,bitter,non activated,non activated,non activated,non activated,non activated,non activated,non activated,1.240694789081886,10.0,local,0
154,720575940622346180,2,186,1,ACH,right,214.0,587.0,0,2,0,186,-186,non activated,bitter,non activated,non activated,non activated,non activated,non activated,non activated,non activated,86.91588785046729,93.0,local,0
155,720575940622348156,1,16,1,ACH,left,1789.0,1547.0,0,1,0,16,-16,non activated,bitter,non activated,non activated,non activated,non activated,non activated,non activated,non activated,0.8943543879262158,16.0,local,0
156,720575940622357965,1,11,1,GABA,left,968.0,1058.0,0,1,0,11,-11,non activated,bitter,non activated,non activated,non activated,non activated,non activated,non activated,non activated,1.1363636363636365,11.0,local,0
157,720575940622457579,1,18,1,ACH,left,585.0,778.0,0,1,0,18,-18,non activated,bitter,non activated,non activated,non activated,non activated,non activated,non activated,non activated,3.076923076923077,18.0,local,0
158,720575940622495401,1,20,1,ACH,left,3315.0,2527.0,1,0,20,0,20,non activated,bitter,non activated,non activated,non activated,non activated,non activated,non activated,non activated,0.603318250377074,20.0,projection,2268
159,720575940622604109,1,10,1,ACH,left,70.0,82.0,0,1,0,10,-10,non activated,bitter,non activated,non activated,non activated,non activated,non activated,non activated,non activated,14.285714285714285,10.0,local,0
160,720575940622624214,1,19,1,ACH,left,1622.0,1224.0,0,1,0,19,-19,non activated,bitter,non activated,non activated,non activated,non activated,non activated,non activated,non activated,1.1713933415536375,19.0,local,0
161,720575940622649855,2,23,1,GLUT,left,235.0,85.0,2,0,23,0,23,non activated,bitter,non activated,non activated,non activated,non activated,non activated,non activated,non activated,9.787234042553191,11.5,projection,85
162,720575940622661095,1,12,1,ACH,left,670.0,270.0,0,1,0,12,-12,non activated,bitter,non activated,non activated,non activated,non activated,non activated,non activated,non activated,1.791044776119403,12.0,local,0
163,720575940623004552,1,14,1,ACH,right,457.0,246.0,0,1,0,14,-14,non activated,bitter,non activated,non activated,non activated,non activated,non activated,non activated,non activated,3.063457330415755,14.0,local,0
164,720575940623008659,1,11,1,GABA,right,120.0,458.0,0,1,0,11,-11,non activated,bitter,non activated,non activated,non activated,non activated,non activated,non activated,non activated,9.166666666666666,11.0,local,0
165,720575940623164685,1,17,1,ACH,left,3092.0,1167.0,0,1,0,17,-17,non activated,bitter,non activated,non activated,non activated,non activated,non activated,non activated,non activated,0.5498059508408797,17.0,local,0
166,720575940623164941,2,30,1,ACH,right,2072.0,1993.0,0,2,0,30,-30,non activated,bitter,non activated,non activated,non activated,non activated,non activated,non activated,non activated,1.4478764478764479,15.0,projection,9
167,720575940623183083,2,51,1,SER,right,80.0,147.0,0,2,0,51,-51,non activated,bitter,non activated,non activated,non activated,non activated,non activated,non activated,non activated,63.74999999999999,25.5,local,0
168,720575940623203805,1,60,1,GABA,right,5603.0,4334.0,0,1,0,60,-60,non activated,bitter,non activated,non activated,non activated,non activated,non activated,non activated,non activated,1.0708548991611637,60.0,projection,3403
169,720575940623207885,1,17,1,,right,1028.0,720.0,0,1,0,17,-17,non activated,bitter,non activated,non activated,non activated,non activated,non activated,non activated,non activated,1.6536964980544748,17.0,local,0
170,720575940623210445,1,35,1,ACH,left,1023.0,1146.0,0,1,0,35,-35,non activated,bitter,non activated,non activated,non activated,non activated,non activated,non activated,non activated,3.4213098729227758,35.0,local,0
171,720575940623211725,1,47,1,ACH,left,4365.0,3266.0,0,1,0,47,-47,non activated,bitter,non activated,non activated,non activated,non activated,non activated,non activated,non activated,1.0767468499427262,47.0,local,0
172,720575940623282985,1,12,1,DA,right,2462.0,175.0,1,0,12,0,12,non activated,bitter,non activated,non activated,non activated,non activated,non activated,non activated,non activated,0.487408610885459,12.0,projection,85
173,720575940623314312,1,55,1,ACH,right,3174.0,1266.0,0,1,0,55,-55,non activated,bitter,non activated,non activated,non activated,non activated,non activated,non activated,non activated,1.7328292375551355,55.0,local,0
174,720575940623393357,1,21,1,GLUT,left,242.0,36.0,1,0,21,0,21,non activated,bitter,non activated,non activated,non activated,non activated,non activated,non activated,non activated,8.677685950413224,21.0,projection,33
175,720575940623476407,1,36,1,ACH,left,1515.0,1393.0,0,1,0,36,-36,non activated,bitter,non activated,non activated,non activated,non activated,non activated,non activated,non activated,2.376237623762376,36.0,local,0
176,720575940623581930,1,10,1,ACH,left,2010.0,890.0,1,0,10,0,10,non activated,bitter,non activated,non activated,non activated,non activated,non activated,non activated,non activated,0.4975124378109453,10.0,projection,745
177,720575940623660558,1,19,1,ACH,left,607.0,1671.0,0,1,0,19,-19,non activated,bitter,non activated,non activated,non activated,non activated,non activated,non activated,non activated,3.130148270181219,19.0,local,0
178,720575940623676394,1,75,1,GLUT,right,1953.0,2298.0,0,1,0,75,-75,non activated,bitter,non activated,non activated,non activated,non activated,non activated,non activated,non activated,3.840245775729647,75.0,local,0
179,720575940623742956,1,15,1,ACH,right,400.0,103.0,1,0,15,0,15,non activated,bitter,non activated,non activated,non activated,non activated,non activated,non activated,non activated,3.75,15.0,projection,85
180,720575940623817715,1,10,1,GABA,left,566.0,260.0,0,1,0,10,-10,non activated,bitter,non activated,non activated,non activated,non activated,non activated,non activated,non activated,1.76678445229682,10.0,projection,239
181,720575940623918121,1,23,1,GLUT,left,2306.0,1412.0,0,1,0,23,-23,non activated,bitter,non activated,non activated,non activated,non activated,non activated,non activated,non activated,0.997398091934085,23.0,local,0
182,720575940623944072,1,12,1,DA,left,2435.0,222.0,1,0,12,0,12,non activated,bitter,non activated,non activated,non activated,non activated,non activated,non activated,non activated,0.49281314168377827,12.0,projection,130
183,720575940624007207,1,45,1,GLUT,left,255.0,44.0,1,0,45,0,45,non activated,bitter,non activated,non activated,non activated,non activated,non activated,non activated,non activated,17.647058823529413,45.0,projection,37
184,720575940624028855,1,17,1,ACH,left,847.0,1152.0,0,1,0,17,-17,non activated,bitter,non activated,non activated,non activated,non activated,non activated,non activated,non activated,2.0070838252656436,17.0,local,0
185,720575940624084372,1,54,1,ACH,left,1260.0,1606.0,0,1,0,54,-54,non activated,bitter,non activated,non activated,non activated,non activated,non activated,non activated,non activated,4.285714285714286,54.0,local,0
186,720575940624266061,2,86,1,ACH,right,185.0,1250.0,0,2,0,86,-86,non activated,bitter,non activated,non activated,non activated,non activated,non activated,non activated,non activated,46.48648648648649,43.0,local,0
187,720575940624314953,1,60,1,,left,741.0,1200.0,0,1,0,60,-60,non activated,bitter,non activated,non activated,non activated,non activated,non activated,non activated,non activated,8.097165991902834,60.0,local,0
188,720575940624331016,1,13,1,ACH,left,743.0,550.0,1,0,13,0,13,non activated,bitter,non activated,non activated,non activated,non activated,non activated,non activated,non activated,1.7496635262449527,13.0,projection,536
189,720575940624377323,2,39,1,ACH,left,1930.0,890.0,0,2,0,39,-39,non activated,bitter,non activated,non activated,non activated,non activated,non activated,non activated,non activated,2.0207253886010363,19.5,projection,593
190,720575940624677709,1,10,1,GLUT,right,587.0,389.0,1,0,10,0,10,non activated,bitter,non activated,non activated,non activated,non activated,non activated,non activated,non activated,1.7035775127768313,10.0,projection,364
191,720575940624779507,1,12,1,ACH,left,825.0,502.0,1,0,12,0,12,non activated,bitter,non activated,non activated,non activated,non activated,non activated,non activated,non activated,1.4545454545454546,12.0,projection,338
192,720575940624792197,1,11,1,ACH,left,50.0,85.0,0,1,0,11,-11,non activated,bitter,non activated,non activated,non activated,non activated,non activated,non activated,non activated,22.0,11.0,local,0
193,720575940624805765,1,10,1,ACH,right,65.0,358.0,0,1,0,10,-10,non activated,bitter,non activated,non activated,non activated,non activated,non activated,non activated,non activated,15.384615384615385,10.0,local,0
194,720575940624976572,2,47,1,,right,102.0,145.0,0,2,0,47,-47,non activated,bitter,non activated,non activated,non activated,non activated,non activated,non activated,non activated,46.07843137254902,23.5,local,0
195,720575940624983480,2,145,1,ACH,left,10021.0,34.0,0,2,0,145,-145,non activated,bitter,non activated,non activated,non activated,non activated,non activated,non activated,non activated,1.4469613810996906,72.5,local,0
196,720575940624986300,1,16,1,GLUT,right,2077.0,1416.0,0,1,0,16,-16,non activated,bitter,non activated,non activated,non activated,non activated,non activated,non activated,non activated,0.7703418391911411,16.0,local,0
197,720575940625047484,1,10,1,,left,1061.0,1109.0,0,1,0,10,-10,non activated,bitter,non activated,non activated,non activated,non activated,non activated,non activated,non activated,0.9425070688030159,10.0,local,0
198,720575940625102692,1,28,1,ACH,left,1956.0,1775.0,0,1,0,28,-28,non activated,bitter,non activated,non activated,non activated,non activated,non activated,non activated,non activated,1.4314928425357873,28.0,local,0
199,720575940625167886,1,16,1,GABA,right,496.0,1443.0,0,1,0,16,-16,non activated,bitter,non activated,non activated,non activated,non activated,non activated,non activated,non activated,3.225806451612903,16.0,local,0
200,720575940625172016,2,30,1,ACH,right,2536.0,1242.0,2,0,30,0,30,non activated,bitter,non activated,non activated,non activated,non activated,non activated,non activated,non activated,1.1829652996845426,15.0,local,0
201,720575940625178768,1,39,1,ACH,left,2347.0,1307.0,0,1,0,39,-39,non activated,bitter,non activated,non activated,non activated,non activated,non activated,non activated,non activated,1.6616957818491693,39.0,local,0
202,720575940625304094,1,13,1,ACH,left,323.0,361.0,0,1,0,13,-13,non activated,bitter,non activated,non activated,non activated,non activated,non activated,non activated,non activated,4.024767801857585,13.0,local,0
203,720575940625450498,2,62,1,ACH,right,145.0,182.0,0,2,0,62,-62,non activated,bitter,non activated,non activated,non activated,non activated,non activated,non activated,non activated,42.758620689655174,31.0,local,0
204,720575940625667888,2,30,1,ACH,left,341.0,71.0,2,0,30,0,30,non activated,bitter,non activated,non activated,non activated,non activated,non activated,non activated,non activated,8.797653958944283,15.0,projection,62
205,720575940625873560,1,18,1,ACH,left,440.0,393.0,0,1,0,18,-18,non activated,bitter,non activated,non activated,non activated,non activated,non activated,non activated,non activated,4.090909090909091,18.0,local,0
206,720575940626014218,1,37,1,ACH,left,128.0,656.0,0,1,0,37,-37,non activated,bitter,non activated,non activated,non activated,non activated,non activated,non activated,non activated,28.90625,37.0,local,0
207,720575940626015242,2,142,1,ACH,left,182.0,789.0,0,2,0,142,-142,non activated,bitter,non activated,non activated,non activated,non activated,non activated,non activated,non activated,78.02197802197803,71.0,local,0
208,720575940626083428,1,11,1,GLUT,left,277.0,274.0,1,0,11,0,11,non activated,bitter,non activated,non activated,non activated,non activated,non activated,non activated,non activated,3.9711191335740073,11.0,projection,274
209,720575940626190794,1,13,1,GABA,left,1420.0,1459.0,0,1,0,13,-13,non activated,bitter,non activated,non activated,non activated,non activated,non activated,non activated,non activated,0.9154929577464789,13.0,projection,878
210,720575940626217226,2,75,1,ACH,right,200.0,1226.0,0,2,0,75,-75,non activated,bitter,non activated,non activated,non activated,non activated,non activated,non activated,non activated,37.5,37.5,local,0
211,720575940626241636,1,16,1,ACH,left,59.0,192.0,0,1,0,16,-16,non activated,bitter,non activated,non activated,non activated,non activated,non activated,non activated,non activated,27.11864406779661,16.0,local,0
212,720575940626256765,1,10,1,GABA,left,1146.0,117.0,1,0,10,0,10,non activated,bitter,non activated,non activated,non activated,non activated,non activated,non activated,non activated,0.8726003490401396,10.0,local,0
213,720575940626446850,1,54,1,GLUT,left,442.0,75.0,1,0,54,0,54,non activated,bitter,non activated,non activated,non activated,non activated,non activated,non activated,non activated,12.217194570135746,54.0,projection,61
214,720575940626456081,2,56,1,ACH,left,418.0,1341.0,0,2,0,56,-56,non activated,bitter,non activated,non activated,non activated,non activated,non activated,non activated,non activated,13.397129186602871,28.0,local,0
215,720575940626622339,1,11,1,GABA,right,726.0,558.0,0,1,0,11,-11,non activated,bitter,non activated,non activated,non activated,non activated,non activated,non activated,non activated,1.5151515151515151,11.0,local,0
216,720575940626631503,1,27,1,GLUT,left,209.0,193.0,1,0,27,0,27,non activated,bitter,non activated,non activated,non activated,non activated,non activated,non activated,non activated,12.918660287081341,27.0,projection,187
217,720575940626809109,1,47,1,ACH,right,1067.0,1491.0,0,1,0,47,-47,non activated,bitter,non activated,non activated,non activated,non activated,non activated,non activated,non activated,4.404873477038426,47.0,local,0
218,720575940626856344,1,25,1,ACH,right,2926.0,1339.0,0,1,0,25,-25,non activated,bitter,non activated,non activated,non activated,non activated,non activated,non activated,non activated,0.8544087491455913,25.0,local,0
219,720575940626941080,2,23,1,GABA,right,731.0,1573.0,2,0,23,0,23,non activated,bitter,non activated,non activated,non activated,non activated,non activated,non activated,non activated,3.146374829001368,11.5,local,0
220,720575940626960536,2,43,1,GABA,right,3718.0,4086.0,1,1,22,21,1,non activated,bitter,non activated,non activated,non activated,non activated,non activated,non activated,non activated,1.1565357719203873,21.5,local,0
221,720575940626983684,1,39,1,ACH,right,268.0,797.0,0,1,0,39,-39,non activated,bitter,non activated,non activated,non activated,non activated,non activated,non activated,non activated,14.55223880597015,39.0,projection,599
222,720575940627036746,1,17,1,ACH,left,62.0,66.0,0,1,0,17,-17,non activated,bitter,non activated,non activated,non activated,non activated,non activated,non activated,non activated,27.419354838709676,17.0,local,0
223,720575940627107721,2,124,1,ACH,right,6991.0,1971.0,0,2,0,124,-124,non activated,bitter,non activated,non activated,non activated,non activated,non activated,non activated,non activated,1.7737090544986411,62.0,local,0
224,720575940627113544,1,12,1,ACH,left,596.0,469.0,0,1,0,12,-12,non activated,bitter,non activated,non activated,non activated,non activated,non activated,non activated,non activated,2.013422818791946,12.0,projection,396
225,720575940627182217,1,23,1,ACH,right,1292.0,1309.0,0,1,0,23,-23,non activated,bitter,non activated,non activated,non activated,non activated,non activated,non activated,non activated,1.780185758513932,23.0,local,0
226,720575940627402568,2,63,1,ACH,right,108.0,285.0,0,2,0,63,-63,non activated,bitter,non activated,non activated,non activated,non activated,non activated,non activated,non activated,58.333333333333336,31.5,local,0
227,720575940627410451,1,47,1,ACH,left,6788.0,5.0,0,1,0,47,-47,non activated,bitter,non activated,non activated,non activated,non activated,non activated,non activated,non activated,0.6923983500294637,47.0,local,0
228,720575940627418387,1,36,1,GLUT,left,817.0,1291.0,0,1,0,36,-36,non activated,bitter,non activated,non activated,non activated,non activated,non activated,non activated,non activated,4.406364749082008,36.0,local,0
229,720575940627429907,1,38,1,GLUT,right,1148.0,1347.0,0,1,0,38,-38,non activated,bitter,non activated,non activated,non activated,non activated,non activated,non activated,non activated,3.3101045296167246,38.0,local,0
230,720575940627438906,2,53,1,,right,99.0,142.0,0,2,0,53,-53,non activated,bitter,non activated,non activated,non activated,non activated,non activated,non activated,non activated,53.535353535353536,26.5,local,0
231,720575940627446661,1,13,1,ACH,right,1434.0,665.0,0,1,0,13,-13,non activated,bitter,non activated,non activated,non activated,non activated,non activated,non activated,non activated,0.906555090655509,13.0,local,0
232,720575940627454569,1,34,1,ACH,left,755.0,1318.0,0,1,0,34,-34,non activated,bitter,non activated,non activated,non activated,non activated,non activated,non activated,non activated,4.503311258278146,34.0,local,0
233,720575940627582724,1,10,1,ACH,left,765.0,656.0,1,0,10,0,10,non activated,bitter,non activated,non activated,non activated,non activated,non activated,non activated,non activated,1.3071895424836601,10.0,projection,297
234,720575940627604674,1,33,1,GLUT,left,205.0,128.0,1,0,33,0,33,non activated,bitter,non activated,non activated,non activated,non activated,non activated,non activated,non activated,16.097560975609756,33.0,projection,51
235,720575940627673073,1,10,1,GLUT,left,518.0,64.0,1,0,10,0,10,non activated,bitter,non activated,non activated,non activated,non activated,non activated,non activated,non activated,1.9305019305019304,10.0,projection,59
236,720575940627679765,1,23,1,GLUT,left,897.0,482.0,1,0,23,0,23,non activated,bitter,non activated,non activated,non activated,non activated,non activated,non activated,non activated,2.564102564102564,23.0,projection,359
237,720575940627739023,1,29,1,ACH,right,2753.0,3047.0,0,1,0,29,-29,non activated,bitter,non activated,non activated,non activated,non activated,non activated,non activated,non activated,1.0533962949509625,29.0,local,0
238,720575940627812168,2,80,1,ACH,left,1995.0,299.0,0,2,0,80,-80,non activated,bitter,non activated,non activated,non activated,non activated,non activated,non activated,non activated,4.010025062656641,40.0,local,0
239,720575940627814728,2,56,1,ACH,left,2088.0,1042.0,0,2,0,56,-56,non activated,bitter,non activated,non activated,non activated,non activated,non activated,non activated,non activated,2.681992337164751,28.0,local,0
240,720575940627847752,1,105,1,ACH,left,3229.0,2125.0,0,1,0,105,-105,non activated,bitter,non activated,non activated,non activated,non activated,non activated,non activated,non activated,3.2517807370703005,105.0,local,0
241,720575940627851761,1,11,1,ACH,left,340.0,124.0,1,0,11,0,11,non activated,bitter,non activated,non activated,non activated,non activated,non activated,non activated,non activated,3.2352941176470593,11.0,projection,38
242,720575940627987974,1,10,1,ACH,left,539.0,328.0,1,0,10,0,10,non activated,bitter,non activated,non activated,non activated,non activated,non activated,non activated,non activated,1.855287569573284,10.0,projection,252
243,720575940628209863,1,14,1,GLUT,left,330.0,818.0,1,0,14,0,14,non activated,bitter,non activated,non activated,non activated,non activated,non activated,non activated,non activated,4.242424242424243,14.0,projection,754
244,720575940628386295,1,73,1,ACH,left,838.0,1496.0,1,0,73,0,73,non activated,bitter,non activated,activated,activated,activated,activated,activated,activated,8.711217183770884,73.0,local,0
245,720575940628524150,1,11,1,ACH,left,63.0,366.0,0,1,0,11,-11,non activated,bitter,non activated,non activated,non activated,non activated,non activated,non activated,non activated,17.46031746031746,11.0,local,0
246,720575940628630171,1,14,1,GABA,left,1182.0,60.0,1,0,14,0,14,non activated,bitter,non activated,non activated,non activated,non activated,non activated,non activated,non activated,1.1844331641285957,14.0,local,0
247,720575940628659305,1,10,1,SER,left,796.0,256.0,0,1,0,10,-10,non activated,bitter,non activated,non activated,non activated,non activated,non activated,non activated,non activated,1.256281407035176,10.0,local,0
248,720575940628755815,2,32,1,GABA,left,3085.0,1955.0,0,2,0,32,-32,non activated,bitter,non activated,non activated,non activated,non activated,non activated,non activated,non activated,1.0372771474878444,16.0,projection,290
249,720575940628826128,1,30,1,GABA,right,5342.0,17.0,0,1,0,30,-30,non activated,bitter,non activated,non activated,non activated,non activated,non activated,non activated,non activated,0.5615874204417821,30.0,local,0
250,720575940628995331,2,43,1,ACH,left,1647.0,1102.0,0,2,0,43,-43,non activated,bitter,non activated,non activated,non activated,non activated,non activated,non activated,non activated,2.610807528840316,21.5,local,0
251,720575940628997123,1,83,1,GLUT,right,3692.0,17.0,0,1,0,83,-83,non activated,bitter,non activated,non activated,non activated,non activated,non activated,non activated,non activated,2.248104008667389,83.0,local,0
252,720575940629000783,1,11,1,ACH,left,1020.0,995.0,0,1,0,11,-11,non activated,bitter,non activated,non activated,non activated,non activated,non activated,non activated,non activated,1.0784313725490196,11.0,local,0
253,720575940629009468,2,123,1,ACH,left,174.0,702.0,0,2,0,123,-123,non activated,bitter,non activated,non activated,non activated,non activated,non activated,non activated,non activated,70.6896551724138,61.5,local,0
254,720575940629060986,2,97,1,GABA,right,583.0,523.0,2,0,97,0,97,non activated,bitter,non activated,non activated,non activated,non activated,non activated,non activated,non activated,16.638078902229847,48.5,projection,466
255,720575940629270339,1,11,1,ACH,left,71.0,75.0,0,1,0,11,-11,non activated,bitter,non activated,non activated,non activated,non activated,non activated,non activated,non activated,15.492957746478872,11.0,local,0
256,720575940629358807,2,59,1,ACH,left,217.0,1305.0,0,2,0,59,-59,non activated,bitter,non activated,non activated,non activated,non activated,non activated,non activated,non activated,27.188940092165897,29.5,local,0
257,720575940629583914,1,14,1,,right,82.0,117.0,1,0,14,0,14,non activated,bitter,non activated,non activated,non activated,non activated,non activated,non activated,non activated,17.073170731707318,14.0,projection,109
258,720575940629766266,2,31,1,GABA,left,3419.0,2816.0,2,0,31,0,31,non activated,bitter,non activated,non activated,non activated,non activated,non activated,non activated,non activated,0.9066978648727698,15.5,projection,2072
259,720575940629837563,1,11,1,ACH,right,1724.0,924.0,0,1,0,11,-11,non activated,bitter,non activated,non activated,non activated,non activated,non activated,non activated,non activated,0.6380510440835266,11.0,projection,655
260,720575940629914732,1,14,1,GLUT,left,137.0,42.0,1,0,14,0,14,non activated,bitter,non activated,non activated,non activated,non activated,non activated,non activated,non activated,10.218978102189782,14.0,projection,37
261,720575940630041913,1,10,1,GLUT,left,138.0,146.0,1,0,10,0,10,non activated,bitter,non activated,non activated,non activated,non activated,non activated,non activated,non activated,7.246376811594203,10.0,projection,103
262,720575940630044278,1,11,1,,left,702.0,759.0,0,1,0,11,-11,non activated,bitter,non activated,non activated,non activated,non activated,non activated,non activated,non activated,1.566951566951567,11.0,local,0
263,720575940630233404,2,102,1,ACH,right,10341.0,63.0,0,2,0,102,-102,non activated,bitter,non activated,non activated,non activated,non activated,non activated,non activated,non activated,0.9863649550333623,51.0,local,0
264,720575940630313324,1,31,1,ACH,left,547.0,270.0,1,0,31,0,31,non activated,bitter,non activated,non activated,non activated,non activated,non activated,non activated,non activated,5.6672760511883,31.0,projection,90
265,720575940630342364,1,120,1,ACH,left,2281.0,1933.0,1,0,120,0,120,non activated,bitter,non activated,non activated,non activated,non activated,non activated,non activated,non activated,5.26085050416484,120.0,projection,1759
266,720575940630460124,1,20,1,GABA,left,5197.0,3083.0,0,1,0,20,-20,non activated,bitter,non activated,non activated,non activated,non activated,non activated,non activated,non activated,0.38483740619588225,20.0,projection,1981
267,720575940630461660,1,13,1,ACH,right,1675.0,1352.0,0,1,0,13,-13,non activated,bitter,non activated,non activated,non activated,non activated,non activated,non activated,non activated,0.7761194029850746,13.0,local,0
268,720575940630550521,1,14,1,GLUT,left,343.0,257.0,1,0,14,0,14,non activated,bitter,non activated,non activated,non activated,non activated,non activated,non activated,non activated,4.081632653061225,14.0,projection,214
269,720575940630579574,2,89,1,ACH,left,2015.0,2079.0,0,2,0,89,-89,non activated,bitter,non activated,non activated,non activated,non activated,non activated,non activated,non activated,4.416873449131513,44.5,local,0
270,720575940630589036,2,27,1,GLUT,left,2490.0,1815.0,0,2,0,27,-27,non activated,bitter,non activated,non activated,non activated,non activated,non activated,non activated,non activated,1.0843373493975903,13.5,local,0
271,720575940630661164,1,12,1,ACH,left,1181.0,1641.0,0,1,0,12,-12,non activated,bitter,non activated,non activated,non activated,non activated,non activated,non activated,non activated,1.0160880609652836,12.0,local,0
272,720575940630664556,1,21,1,GABA,left,3632.0,3275.0,0,1,0,21,-21,non activated,bitter,non activated,non activated,non activated,non activated,non activated,non activated,non activated,0.5781938325991189,21.0,local,0
273,720575940630670890,1,27,1,GLUT,left,812.0,939.0,1,0,27,0,27,non activated,bitter,non activated,non activated,non activated,non activated,non activated,activated,activated,3.32512315270936,27.0,projection,137
274,720575940630674038,1,17,1,ACH,left,695.0,1689.0,0,1,0,17,-17,non activated,bitter,non activated,non activated,non activated,non activated,non activated,non activated,non activated,2.446043165467626,17.0,local,0
275,720575940630691958,1,56,1,GABA,left,3659.0,3553.0,0,1,0,56,-56,non activated,bitter,non activated,non activated,non activated,non activated,non activated,non activated,non activated,1.5304728067778082,56.0,local,0
276,720575940630781433,1,69,1,GABA,right,3736.0,33.0,0,1,0,69,-69,non activated,bitter,non activated,non activated,non activated,non activated,non activated,non activated,non activated,1.8468950749464668,69.0,local,0
277,720575940630808827,2,50,1,ACH,right,1264.0,361.0,2,0,50,0,50,non activated,bitter,non activated,non activated,non activated,non activated,non activated,non activated,non activated,3.9556962025316458,25.0,local,0
278,720575940630893196,1,13,1,ACH,left,574.0,1535.0,0,1,0,13,-13,non activated,bitter,non activated,non activated,non activated,non activated,non activated,non activated,non activated,2.264808362369338,13.0,local,0
279,720575940630964188,1,13,1,GABA,left,1615.0,1842.0,0,1,0,13,-13,non activated,bitter,non activated,non activated,non activated,non activated,non activated,non activated,non activated,0.804953560371517,13.0,local,0
280,720575940630995799,2,40,1,ACH,right,289.0,143.0,0,2,0,40,-40,non activated,bitter,non activated,non activated,non activated,non activated,non activated,non activated,non activated,13.84083044982699,20.0,local,0
281,720575940631056185,1,10,1,GABA,left,211.0,148.0,0,1,0,10,-10,non activated,bitter,non activated,non activated,non activated,non activated,non activated,non activated,non activated,4.739336492890995,10.0,local,0
282,720575940631108303,1,15,1,GABA,left,1552.0,1653.0,0,1,0,15,-15,non activated,bitter,non activated,non activated,non activated,non activated,non activated,non activated,non activated,0.9664948453608248,15.0,local,0
283,720575940631168057,1,12,1,GABA,left,1625.0,1344.0,0,1,0,12,-12,non activated,bitter,non activated,non activated,non activated,non activated,non activated,non activated,non activated,0.7384615384615384,12.0,local,0
284,720575940631190851,1,13,1,ACH,left,172.0,101.0,1,0,13,0,13,non activated,bitter,non activated,non activated,non activated,non activated,non activated,non activated,non activated,7.55813953488372,13.0,projection,45
285,720575940631204163,2,50,1,,right,115.0,142.0,0,2,0,50,-50,non activated,bitter,non activated,non activated,non activated,non activated,non activated,non activated,non activated,43.47826086956522,25.0,local,0
286,720575940631293202,1,20,1,GABA,right,2314.0,3316.0,0,1,0,20,-20,non activated,bitter,non activated,non activated,non activated,non activated,non activated,non activated,non activated,0.864304235090752,20.0,local,0
287,720575940631295506,1,31,1,ACH,left,417.0,1148.0,1,0,31,0,31,non activated,bitter,non activated,non activated,non activated,non activated,non activated,non activated,non activated,7.434052757793765,31.0,projection,201
288,720575940631406411,1,21,1,GABA,left,2651.0,2575.0,0,1,0,21,-21,non activated,bitter,non activated,non activated,non activated,non activated,non activated,non activated,non activated,0.7921539041870993,21.0,local,0
289,720575940631703608,2,143,1,ACH,left,3076.0,1371.0,0,2,0,143,-143,non activated,bitter,non activated,non activated,non activated,non activated,non activated,non activated,non activated,4.64889466840052,71.5,local,0
290,720575940631918649,2,55,1,GABA,right,2671.0,1860.0,0,2,0,55,-55,non activated,bitter,non activated,non activated,non activated,non activated,non activated,non activated,non activated,2.059153874953201,27.5,projection,25
291,720575940631919976,1,16,1,GABA,right,157.0,500.0,0,1,0,16,-16,non activated,bitter,non activated,non activated,non activated,non activated,non activated,non activated,non activated,10.191082802547772,16.0,local,0
292,720575940631939432,1,22,1,GABA,right,846.0,2293.0,0,1,0,22,-22,non activated,bitter,non activated,non activated,non activated,non activated,non activated,non activated,non activated,2.6004728132387704,22.0,local,0
293,720575940631959097,2,25,1,ACH,left,3915.0,1701.0,0,2,0,25,-25,non activated,bitter,non activated,non activated,non activated,non activated,non activated,non activated,non activated,0.6385696040868455,12.5,local,0
294,720575940631989352,1,15,1,GABA,left,1146.0,2233.0,0,1,0,15,-15,non activated,bitter,non activated,non activated,non activated,non activated,non activated,non activated,non activated,1.3089005235602094,15.0,local,0
295,720575940631994728,3,161,1,GABA,left,2957.0,2643.0,0,3,0,161,-161,non activated,bitter,non activated,non activated,non activated,non activated,non activated,non activated,non activated,5.444707473791004,53.666666666666664,local,0
296,720575940631997032,1,31,1,ACH,left,2764.0,2015.0,0,1,0,31,-31,non activated,bitter,non activated,non activated,non activated,non activated,non activated,non activated,non activated,1.1215629522431259,31.0,local,0
297,720575940632009784,1,12,1,ACH,right,510.0,135.0,0,1,0,12,-12,non activated,bitter,non activated,non activated,non activated,non activated,non activated,non activated,non activated,2.3529411764705883,12.0,projection,62
298,720575940632047890,2,200,1,ACH,left,4060.0,1406.0,0,2,0,200,-200,non activated,bitter,non activated,non activated,non activated,non activated,non activated,non activated,non activated,4.926108374384237,100.0,local,0
299,720575940632055521,1,38,1,ACH,right,516.0,790.0,0,1,0,38,-38,non activated,bitter,non activated,non activated,non activated,non activated,non activated,non activated,non activated,7.3643410852713185,38.0,local,0
300,720575940632178892,1,13,1,ACH,right,772.0,294.0,0,1,0,13,-13,non activated,bitter,non activated,non activated,non activated,non activated,non activated,non activated,non activated,1.6839378238341969,13.0,local,0
301,720575940632252743,1,142,1,ACH,left,3711.0,1952.0,0,1,0,142,-142,non activated,bitter,non activated,non activated,non activated,non activated,non activated,non activated,non activated,3.8264618701158715,142.0,local,0
302,720575940632280391,2,145,1,ACH,right,2214.0,1498.0,0,2,0,145,-145,non activated,bitter,non activated,non activated,non activated,non activated,non activated,non activated,non activated,6.549232158988256,72.5,local,0
303,720575940632365905,1,10,1,ACH,left,722.0,1547.0,1,0,10,0,10,non activated,bitter,non activated,non activated,non activated,non activated,non activated,non activated,non activated,1.3850415512465373,10.0,local,0
304,720575940632486969,2,108,1,ACH,left,8726.0,2482.0,0,2,0,108,-108,non activated,bitter,non activated,non activated,non activated,non activated,non activated,non activated,non activated,1.237680495072198,54.0,local,0
305,720575940632588748,2,46,1,GLUT,right,318.0,50.0,2,0,46,0,46,non activated,bitter,non activated,non activated,non activated,non activated,non activated,non activated,non activated,14.465408805031446,23.0,projection,43
306,720575940632632740,1,10,1,ACH,right,988.0,202.0,0,1,0,10,-10,non activated,bitter,non activated,non activated,non activated,non activated,non activated,non activated,non activated,1.0121457489878543,10.0,local,0
307,720575940632636959,1,63,1,GLUT,left,1564.0,855.0,1,0,63,0,63,non activated,bitter,non activated,non activated,activated,activated,activated,activated,activated,4.028132992327365,63.0,local,0
308,720575940632659404,1,24,1,GABA,left,3231.0,1065.0,0,1,0,24,-24,non activated,bitter,non activated,non activated,non activated,non activated,non activated,non activated,non activated,0.7428040854224698,24.0,projection,377
309,720575940632734033,2,26,1,ACH,left,516.0,1252.0,2,0,26,0,26,non activated,bitter,non activated,non activated,non activated,non activated,non activated,non activated,non activated,5.038759689922481,13.0,projection,697
310,720575940632873261,1,23,1,ACH,right,1137.0,951.0,1,0,23,0,23,non activated,bitter,non activated,non activated,non activated,activated,activated,activated,activated,2.0228671943711523,23.0,local,0
311,720575940632894690,2,24,1,,right,126.0,56.0,0,2,0,24,-24,non activated,bitter,non activated,non activated,non activated,non activated,non activated,non activated,non activated,19.047619047619047,12.0,projection,16
312,720575940633170969,3,87,1,GLUT,left,3461.0,1592.0,1,2,17,70,-53,non activated,bitter,non activated,non activated,non activated,non activated,non activated,non activated,non activated,2.513724357122219,29.0,local,0
313,720575940633185567,2,162,1,GABA,left,6252.0,10.0,0,2,0,162,-162,non activated,bitter,non activated,non activated,non activated,non activated,non activated,non activated,non activated,2.5911708253358925,81.0,local,0
314,720575940633198284,2,36,1,ACH,left,1095.0,1009.0,2,0,36,0,36,non activated,bitter,non activated,non activated,non activated,non activated,non activated,non activated,non activated,3.287671232876712,18.0,local,0
315,720575940633277209,2,65,1,GABA,right,1343.0,1859.0,0,2,0,65,-65,non activated,bitter,non activated,non activated,non activated,non activated,non activated,non activated,non activated,4.839910647803425,32.5,local,0
316,720575940633286335,1,10,1,GLUT,right,103.0,37.0,1,0,10,0,10,non activated,bitter,non activated,non activated,non activated,non activated,non activated,non activated,non activated,9.70873786407767,10.0,projection,31
317,720575940633366242,1,11,1,ACH,left,49.0,359.0,0,1,0,11,-11,non activated,bitter,non activated,non activated,non activated,non activated,non activated,non activated,non activated,22.448979591836736,11.0,projection,31
318,720575940633626337,2,92,1,GABA,right,9167.0,5134.0,2,0,92,0,92,non activated,bitter,non activated,non activated,non activated,non activated,non activated,non activated,non activated,1.0035998690956691,46.0,projection,4607
319,720575940633733601,1,28,1,ACH,left,57.0,64.0,0,1,0,28,-28,non activated,bitter,non activated,non activated,non activated,non activated,non activated,non activated,non activated,49.122807017543856,28.0,local,0
320,720575940633881848,1,16,1,GABA,left,551.0,701.0,0,1,0,16,-16,non activated,bitter,non activated,non activated,non activated,non activated,non activated,non activated,non activated,2.9038112522686026,16.0,local,0
321,720575940633919992,1,10,1,ACH,left,262.0,200.0,0,1,0,10,-10,non activated,bitter,non activated,non activated,non activated,non activated,non activated,non activated,non activated,3.816793893129771,10.0,local,0
322,720575940634025626,1,10,1,ACH,left,728.0,528.0,1,0,10,0,10,non activated,bitter,non activated,non activated,non activated,non activated,non activated,non activated,non activated,1.3736263736263736,10.0,projection,371
323,720575940634186906,1,10,1,GLUT,right,167.0,125.0,0,1,0,10,-10,non activated,bitter,non activated,non activated,non activated,non activated,non activated,non activated,non activated,5.9880239520958085,10.0,projection,110
324,720575940634210155,1,10,1,ACH,right,1567.0,2197.0,0,1,0,10,-10,non activated,bitter,non activated,non activated,non activated,non activated,non activated,non activated,non activated,0.6381620931716656,10.0,local,0
325,720575940634357867,1,42,1,GLUT,left,1247.0,958.0,0,1,0,42,-42,non activated,bitter,non activated,non activated,non activated,non activated,non activated,non activated,non activated,3.3680834001603848,42.0,projection,420
326,720575940634407566,1,12,1,ACH,left,35.0,124.0,0,1,0,12,-12,non activated,bitter,non activated,non activated,non activated,non activated,non activated,non activated,non activated,34.285714285714285,12.0,local,0
327,720575940634462304,2,25,1,GLUT,right,298.0,131.0,0,2,0,25,-25,non activated,bitter,non activated,non activated,non activated,non activated,non activated,non activated,non activated,8.389261744966444,12.5,projection,96
328,720575940634707863,2,62,1,GABA,left,6474.0,3571.0,2,0,62,0,62,non activated,bitter,non activated,non activated,non activated,non activated,non activated,non activated,non activated,0.9576768612913191,31.0,projection,3138
329,720575940634825623,2,100,1,ACH,left,1273.0,880.0,0,2,0,100,-100,non activated,bitter,non activated,non activated,non activated,non activated,non activated,non activated,non activated,7.855459544383346,50.0,local,0
330,720575940634919580,1,10,1,ACH,left,729.0,232.0,0,1,0,10,-10,non activated,bitter,non activated,non activated,non activated,non activated,non activated,non activated,non activated,1.3717421124828533,10.0,local,0
331,720575940635069295,1,13,1,GLUT,right,241.0,103.0,1,0,13,0,13,non activated,bitter,non activated,non activated,non activated,non activated,non activated,non activated,non activated,5.394190871369295,13.0,projection,76
332,720575940635173983,1,14,1,GABA,center,674.0,454.0,0,1,0,14,-14,non activated,bitter,non activated,non activated,non activated,non activated,non activated,non activated,non activated,2.0771513353115725,14.0,projection,35
333,720575940635175007,1,15,1,DA,left,1419.0,446.0,0,1,0,15,-15,non activated,bitter,non activated,non activated,non activated,non activated,non activated,non activated,non activated,1.0570824524312896,15.0,local,0
334,720575940635176366,1,14,1,ACH,left,63.0,94.0,0,1,0,14,-14,non activated,bitter,non activated,non activated,non activated,non activated,non activated,non activated,non activated,22.22222222222222,14.0,local,0
335,720575940635239672,2,52,1,SER,right,1855.0,55.0,0,2,0,52,-52,non activated,bitter,non activated,non activated,non activated,non activated,non activated,non activated,non activated,2.803234501347709,26.0,projection,13
336,720575940635510196,1,16,1,GLUT,left,539.0,480.0,1,0,16,0,16,non activated,bitter,non activated,non activated,non activated,non activated,non activated,non activated,non activated,2.9684601113172544,16.0,projection,461
337,720575940635527322,1,15,1,ACH,right,1672.0,2169.0,0,1,0,15,-15,non activated,bitter,non activated,non activated,non activated,non activated,non activated,non activated,non activated,0.8971291866028708,15.0,local,0
338,720575940635596212,1,12,1,GABA,right,1937.0,2001.0,0,1,0,12,-12,non activated,bitter,non activated,non activated,non activated,non activated,non activated,non activated,non activated,0.619514713474445,12.0,local,0
339,720575940635596468,1,15,1,ACH,left,668.0,1451.0,0,1,0,15,-15,non activated,bitter,non activated,non activated,non activated,non activated,non activated,non activated,non activated,2.245508982035928,15.0,local,0
340,720575940635611316,3,145,1,GABA,right,2883.0,2647.0,0,3,0,145,-145,non activated,bitter,non activated,non activated,non activated,non activated,non activated,non activated,non activated,5.029483177245924,48.333333333333336,local,0
341,720575940635630308,1,10,1,ACH,right,78.0,327.0,0,1,0,10,-10,non activated,bitter,non activated,non activated,non activated,non activated,non activated,non activated,non activated,12.82051282051282,10.0,local,0
342,720575940635816926,1,10,1,ACH,right,725.0,268.0,0,1,0,10,-10,non activated,bitter,non activated,non activated,non activated,non activated,non activated,non activated,non activated,1.3793103448275863,10.0,local,0
343,720575940635984239,1,22,1,GLUT,left,495.0,239.0,1,0,22,0,22,non activated,bitter,non activated,non activated,non activated,non activated,non activated,non activated,non activated,4.444444444444445,22.0,projection,213
344,720575940635990896,1,10,1,ACH,left,78.0,94.0,0,1,0,10,-10,non activated,bitter,non activated,non activated,non activated,non activated,non activated,non activated,non activated,12.82051282051282,10.0,local,0
345,720575940636165624,1,14,1,ACH,left,3318.0,1190.0,0,1,0,14,-14,non activated,bitter,non activated,non activated,non activated,non activated,non activated,non activated,non activated,0.42194092827004215,14.0,local,0
346,720575940636346487,2,37,1,ACH,left,1114.0,746.0,0,2,0,37,-37,non activated,bitter,non activated,non activated,non activated,non activated,non activated,non activated,non activated,3.321364452423698,18.5,local,0
347,720575940636685454,2,121,1,ACH,right,1410.0,955.0,0,2,0,121,-121,non activated,bitter,non activated,non activated,non activated,non activated,non activated,non activated,non activated,8.581560283687944,60.5,local,0
348,720575940636828334,1,36,1,ACH,left,3397.0,1748.0,0,1,0,36,-36,non activated,bitter,non activated,non activated,non activated,non activated,non activated,non activated,non activated,1.0597586105387107,36.0,local,0
349,720575940636895406,2,46,1,SER,left,1804.0,77.0,0,2,0,46,-46,non activated,bitter,non activated,non activated,non activated,non activated,non activated,non activated,non activated,2.549889135254989,23.0,projection,16
350,720575940637130985,1,64,1,ACH,left,321.0,1463.0,0,1,0,64,-64,non activated,bitter,non activated,non activated,non activated,non activated,non activated,non activated,non activated,19.937694704049843,64.0,local,0
351,720575940637144944,1,37,1,ACH,left,3128.0,1666.0,0,1,0,37,-37,non activated,bitter,non activated,non activated,non activated,non activated,non activated,non activated,non activated,1.1828644501278773,37.0,local,0
352,720575940637184326,1,10,1,ACH,left,255.0,273.0,0,1,0,10,-10,non activated,bitter,non activated,non activated,non activated,non activated,non activated,non activated,non activated,3.9215686274509802,10.0,local,0
353,720575940637216624,1,22,1,,left,2169.0,966.0,0,1,0,22,-22,non activated,bitter,non activated,non activated,non activated,non activated,non activated,non activated,non activated,1.0142923005993545,22.0,local,0
354,720575940637507645,2,24,1,ACH,left,51.0,297.0,0,2,0,24,-24,non activated,bitter,non activated,non activated,non activated,non activated,non activated,non activated,non activated,47.05882352941176,12.0,projection,11
355,720575940637656286,2,40,1,ACH,right,1314.0,1164.0,0,2,0,40,-40,non activated,bitter,non activated,non activated,non activated,non activated,non activated,non activated,non activated,3.0441400304414,20.0,local,0
356,720575940637686750,1,11,1,GABA,right,1403.0,1837.0,0,1,0,11,-11,non activated,bitter,non activated,non activated,non activated,non activated,non activated,non activated,non activated,0.7840342124019958,11.0,projection,1232
357,720575940637742911,1,10,1,SER,right,19.0,5.0,0,1,0,10,-10,non activated,bitter,non activated,non activated,non activated,non activated,non activated,non activated,non activated,52.63157894736842,10.0,local,0
358,720575940637747519,2,65,1,ACH,right,115.0,129.0,0,2,0,65,-65,non activated,bitter,non activated,non activated,non activated,non activated,non activated,non activated,non activated,56.52173913043478,32.5,local,0
359,720575940638024794,1,11,1,ACH,left,2190.0,1861.0,0,1,0,11,-11,non activated,bitter,non activated,non activated,non activated,non activated,non activated,non activated,non activated,0.502283105022831,11.0,local,0
360,720575940638103349,1,14,1,ACH,left,2088.0,1389.0,0,1,0,14,-14,non activated,bitter,non activated,non activated,non activated,non activated,non activated,non activated,non activated,0.6704980842911877,14.0,local,0
361,720575940638419534,1,13,1,ACH,right,570.0,1525.0,0,1,0,13,-13,non activated,bitter,non activated,non activated,non activated,non activated,non activated,non activated,non activated,2.280701754385965,13.0,local,0
362,720575940639485648,1,14,1,SER,left,90.0,198.0,0,1,0,14,-14,non activated,bitter,non activated,non activated,non activated,non activated,non activated,non activated,non activated,15.555555555555555,14.0,projection,112
363,720575940639725885,1,12,1,ACH,left,805.0,232.0,1,0,12,0,12,non activated,bitter,non activated,non activated,non activated,non activated,non activated,non activated,non activated,1.4906832298136645,12.0,projection,211
364,720575940639787683,2,21,1,GABA,left,1041.0,1045.0,0,2,0,21,-21,non activated,bitter,non activated,non activated,non activated,non activated,non activated,non activated,non activated,2.0172910662824206,10.5,local,0
365,720575940639830179,1,16,1,ACH,right,1138.0,1552.0,0,1,0,16,-16,non activated,bitter,non activated,non activated,non activated,non activated,non activated,non activated,non activated,1.4059753954305798,16.0,local,0
366,720575940639831459,3,49,1,ACH,left,1241.0,1492.0,0,3,0,49,-49,non activated,bitter,non activated,non activated,non activated,non activated,non activated,non activated,non activated,3.94842868654311,16.333333333333332,local,0
367,720575940639925211,2,24,1,GLUT,left,110.0,116.0,2,0,24,0,24,non activated,bitter,non activated,non activated,non activated,non activated,non activated,non activated,non activated,21.818181818181817,12.0,projection,91
368,720575940639994456,1,76,1,GLUT,left,2023.0,2459.0,0,1,0,76,-76,non activated,bitter,non activated,non activated,non activated,non activated,non activated,non activated,non activated,3.7567968363816115,76.0,local,0
369,720575940640601563,1,27,1,ACH,right,662.0,1717.0,0,1,0,27,-27,non activated,bitter,non activated,non activated,non activated,non activated,non activated,non activated,non activated,4.078549848942599,27.0,local,0
370,720575940640839120,2,51,1,GLUT,left,1886.0,1095.0,1,1,11,40,-29,non activated,bitter,non activated,non activated,non activated,non activated,non activated,non activated,non activated,2.704135737009544,25.5,local,0
371,720575940641648091,1,27,1,ACH,left,3724.0,2046.0,0,1,0,27,-27,non activated,bitter,non activated,non activated,non activated,non activated,non activated,non activated,non activated,0.7250268528464017,27.0,local,0
372,720575940642088333,1,12,1,SER,right,27.0,29.0,0,1,0,12,-12,non activated,bitter,non activated,non activated,non activated,non activated,non activated,non activated,non activated,44.44444444444444,12.0,local,0
373,720575940642715040,1,19,1,GLUT,left,439.0,378.0,1,0,19,0,19,non activated,bitter,non activated,non activated,non activated,non activated,non activated,non activated,non activated,4.328018223234624,19.0,projection,169
374,720575940643065032,2,51,1,ACH,right,123.0,185.0,0,2,0,51,-51,non activated,bitter,non activated,non activated,non activated,non activated,non activated,non activated,non activated,41.46341463414634,25.5,local,0
375,720575940643703831,1,34,1,ACH,left,198.0,140.0,0,1,0,34,-34,non activated,bitter,non activated,non activated,non activated,non activated,non activated,non activated,non activated,17.17171717171717,34.0,local,0
376,720575940644669732,1,18,1,ACH,left,646.0,1271.0,0,1,0,18,-18,non activated,bitter,non activated,non activated,non activated,non activated,non activated,non activated,non activated,2.786377708978328,18.0,local,0
377,720575940645045527,1,18,1,ACH,left,1495.0,309.0,0,1,0,18,-18,non activated,bitter,non activated,non activated,non activated,non activated,non activated,non activated,non activated,1.2040133779264213,18.0,local,0
378,720575940645527918,1,16,1,ACH,right,6765.0,27.0,0,1,0,16,-16,non activated,bitter,non activated,non activated,non activated,non activated,non activated,non activated,non activated,0.23651145602365115,16.0,local,0
379,720575940645537902,1,14,1,GLUT,left,599.0,480.0,0,1,0,14,-14,non activated,bitter,non activated,non activated,non activated,non activated,non activated,non activated,non activated,2.337228714524207,14.0,projection,6
380,720575940646250804,2,22,1,,right,110.0,59.0,0,2,0,22,-22,non activated,bitter,non activated,non activated,non activated,non activated,non activated,non activated,non activated,20.0,11.0,projection,10
381,720575940646663044,2,26,1,GLUT,right,232.0,132.0,1,1,14,12,2,non activated,bitter,non activated,non activated,non activated,non activated,non activated,non activated,non activated,11.206896551724139,13.0,projection,104
382,720575940647030324,1,77,1,ACH,right,2422.0,1880.0,0,1,0,77,-77,non activated,bitter,non activated,non activated,non activated,non activated,non activated,non activated,non activated,3.1791907514450863,77.0,local,0
383,720575940647473796,1,189,1,GABA,left,1768.0,648.0,1,0,189,0,189,non activated,bitter,non activated,activated,activated,activated,activated,activated,activated,10.690045248868778,189.0,projection,476
384,720575940647606148,1,12,1,ACH,left,754.0,505.0,1,0,12,0,12,non activated,bitter,non activated,non activated,non activated,non activated,non activated,non activated,non activated,1.5915119363395225,12.0,local,0
385,720575940648188548,1,22,1,ACH,right,1811.0,793.0,0,1,0,22,-22,non activated,bitter,non activated,non activated,non activated,non activated,non activated,non activated,non activated,1.2147984538928769,22.0,local,0
386,720575940648716153,1,10,1,ACH,left,572.0,119.0,1,0,10,0,10,non activated,bitter,non activated,non activated,non activated,non activated,non activated,non activated,non activated,1.7482517482517483,10.0,projection,104
387,720575940652580086,1,56,1,GABA,left,1901.0,1059.0,0,1,0,56,-56,non activated,bitter,non activated,non activated,non activated,non activated,non activated,non activated,non activated,2.945817990531299,56.0,local,0
388,720575940654310049,1,10,1,GLUT,right,1035.0,1262.0,0,1,0,10,-10,non activated,bitter,non activated,non activated,non activated,non activated,non activated,non activated,non activated,0.966183574879227,10.0,projection,689
389,720575940654656417,1,10,1,,right,721.0,57.0,1,0,10,0,10,non activated,bitter,non activated,non activated,non activated,non activated,non activated,non activated,non activated,1.3869625520110958,10.0,projection,51
390,720575940660223873,2,29,1,ACH,left,1407.0,2354.0,0,2,0,29,-29,non activated,bitter,non activated,non activated,non activated,non activated,non activated,non activated,non activated,2.061122956645345,14.5,local,0
